order_id,customer_id,order_date,shipping_cost,total_amount
1,715,2025-06-19,25.19,6783.7
2,295,2024-06-07,17.45,3074.15
3,252,2025-06-14,6.93,8075.96
4,554,2024-09-18,7.45,806.19
5,595,2025-07-04,18.08,4237.1
6,208,2023-11-21,22.39,3984.44
7,377,2024-05-22,2.8,1428.91
8,858,2024-02-27,18.75,3128.82
9,664,2023-12-02,7.68,1940.52
10,553,2025-03-04,10.77,8635.13
11,116,2025-05-24,15.83,1767.99
12,63,2024-01-10,16.07,5143.06
13,982,2024-10-18,18.09,5283.85
14,967,2025-09-09,3.06,4329.72
15,95,2024-02-29,2.38,1804.82
16,874,2025-02-13,8.1,4610.67
17,648,2024-12-23,4.55,8452.81
18,331,2025-01-21,21.05,21.05
19,536,2025-05-21,18.68,212.12
20,174,2024-01-31,16.52,1711.59
21,53,2024-05-31,7.57,2943.04
22,658,2024-06-02,21.04,11523.24
23,859,2025-04-13,19.73,213.17
24,178,2024-10-10,16.19,5291.19
25,622,2024-03-12,3.88,1982.43
26,40,2024-02-15,24.45,5683.04
27,67,2025-10-12,24.99,4417.78
28,458,2024-02-12,3.82,2369.52
29,962,2025-08-09,5.74,2095.12
30,876,2024-12-21,12.89,2357.52
31,640,2024-08-09,10.75,919.12
32,164,2024-07-01,13.86,1773.44
33,740,2025-04-23,19.41,1777.49
34,470,2024-12-20,13.42,7422.52
35,747,2025-02-15,13.6,3521.61
36,991,2025-02-28,8.24,7993.36
37,342,2024-08-29,4.79,6142.19
38,943,2024-07-09,7.24,2150.3
39,109,2025-07-17,12.72,1284.86
40,313,2023-12-09,23.16,23.16
41,979,2024-06-07,25.51,3431.89
42,908,2024-12-31,21.22,5961.22
43,783,2025-01-02,3.89,3602.92
44,146,2025-08-20,14.39,574.35
45,3,2023-12-24,0.39,5828.72
46,469,2025-04-21,3.68,4034.58
47,40,2024-02-18,11.91,5626.41
48,64,2023-12-30,0.51,4301.85
49,373,2024-01-02,9.99,2945.51
50,472,2024-03-03,12.66,4943.92
51,532,2024-11-30,21.43,3262.54
52,39,2025-10-01,6.88,1339.85
53,808,2024-05-03,20.46,7670.61
54,231,2025-05-18,14.05,5208.71
55,151,2025-10-24,4.79,1802.99
56,618,2024-07-18,17.0,379.36
57,792,2024-09-10,3.87,996.72
58,250,2025-05-15,13.52,6181.93
59,54,2024-11-07,23.12,11014.28
60,114,2024-12-16,18.09,4866.24
61,543,2024-12-01,6.91,1353.0
62,884,2025-02-25,0.11,10223.19
63,639,2024-08-29,20.02,9622.71
64,860,2024-03-06,4.35,5049.48
65,696,2025-07-07,4.28,2393.6
66,137,2025-07-01,7.66,3630.05
67,243,2024-10-06,6.68,9266.77
68,600,2024-02-06,17.15,4252.05
69,842,2025-09-10,4.19,115.96
70,70,2024-05-22,21.01,1740.47
71,760,2024-05-06,12.45,2167.32
72,643,2025-02-27,6.09,514.38
73,756,2024-12-25,0.91,849.51
74,466,2023-12-22,2.22,2105.5
75,698,2025-07-22,4.07,5121.81
76,867,2024-04-26,8.12,6289.31
77,950,2023-12-14,6.83,2621.66
78,814,2024-04-22,24.94,1301.54
79,989,2024-05-02,9.69,8243.34
80,611,2024-03-04,8.77,4737.62
81,164,2025-08-11,18.79,4785.51
82,305,2024-11-13,13.51,781.37
83,600,2024-07-07,23.04,1527.78
84,622,2025-05-19,24.72,2798.46
85,310,2025-03-17,13.44,385.42
86,128,2023-11-28,25.55,4943.11
87,283,2025-05-26,16.2,7179.19
88,95,2024-11-07,15.02,7171.18
89,923,2025-03-17,0.27,7122.28
90,874,2025-04-06,12.53,5211.38
91,356,2024-12-20,2.25,7587.34
92,552,2023-12-13,19.86,3727.06
93,581,2025-01-18,9.63,5025.97
94,19,2024-04-14,11.07,7454.43
95,813,2025-01-12,13.64,2974.6
96,323,2023-11-19,21.54,1219.31
97,767,2025-04-10,8.05,17005.21
98,108,2025-01-12,20.86,6763.15
99,630,2024-08-09,2.74,5584.3
100,620,2025-08-31,18.01,5948.79
101,113,2024-03-13,9.05,9.05
102,263,2024-04-17,9.46,9.46
103,663,2024-12-09,22.71,3583.79
104,485,2025-09-13,19.34,2907.18
105,230,2025-05-11,24.81,6782.66
106,746,2024-06-06,21.63,3801.46
107,724,2024-12-24,11.07,10337.98
108,158,2024-11-21,10.81,1870.33
109,869,2024-03-09,8.06,5696.77
110,517,2024-04-09,6.43,3637.35
111,275,2025-01-31,12.51,2070.84
112,401,2024-07-15,3.01,579.01
113,630,2024-07-10,23.03,625.02
114,165,2024-05-22,0.26,907.84
115,979,2024-02-09,6.69,3672.96
116,89,2024-06-09,11.45,1955.17
117,934,2023-12-05,18.24,8569.51
118,465,2025-01-28,17.91,321.11
119,442,2025-03-04,18.98,1663.64
120,595,2024-11-22,14.83,5094.57
121,504,2024-09-05,10.76,6120.93
122,631,2024-03-28,6.77,4969.1
123,270,2023-12-14,2.3,3123.08
124,194,2025-06-24,7.22,1099.77
125,314,2025-05-09,24.13,1181.45
126,958,2025-08-14,3.63,1151.3
127,785,2024-04-08,24.85,4836.76
128,194,2025-01-03,20.95,7892.79
129,104,2025-05-13,21.63,2276.04
130,600,2025-07-14,17.68,4387.4
131,29,2025-03-20,7.9,5175.36
132,973,2025-08-23,0.56,3565.06
133,887,2025-07-03,12.45,3644.57
134,87,2024-08-03,11.53,3000.75
135,655,2023-12-23,21.79,1179.07
136,763,2025-02-13,19.68,916.59
137,722,2025-01-01,12.77,1588.58
138,398,2025-08-21,13.53,396.74
139,485,2024-05-16,25.96,7589.34
140,920,2024-11-21,13.84,7778.67
141,186,2024-06-27,18.44,5988.02
142,586,2024-04-20,24.3,2924.05
143,909,2024-03-25,17.65,4757.85
144,523,2024-07-15,1.56,2757.84
145,890,2024-11-13,2.04,3220.89
146,886,2025-04-23,15.0,5772.9
147,720,2025-04-23,14.5,2874.61
148,391,2024-10-13,8.08,4919.9
149,101,2024-08-25,1.74,3183.81
150,730,2025-05-18,18.05,6236.71
151,15,2025-09-17,17.26,10790.26
152,136,2024-10-30,5.9,306.29
153,367,2025-01-23,1.75,6128.61
154,380,2025-06-17,4.05,433.0
155,293,2025-03-15,18.61,6617.44
156,859,2025-09-29,9.71,3573.8
157,122,2024-01-09,24.16,4611.82
158,55,2024-01-31,12.81,7583.01
159,402,2023-11-14,21.67,204.42
160,170,2023-12-06,1.81,4955.8
161,797,2023-12-20,14.56,3568.46
162,748,2023-11-22,16.34,6037.05
163,302,2024-06-01,13.56,3432.31
164,821,2023-11-14,19.1,4530.65
165,51,2024-10-04,21.29,3205.7
166,44,2025-04-29,21.65,9795.55
167,727,2025-10-16,7.11,1077.27
168,962,2024-01-24,18.37,3024.05
169,567,2024-08-09,22.0,871.55
170,472,2025-02-28,17.82,2898.08
171,653,2025-10-23,15.04,7886.07
172,55,2025-05-09,0.67,2021.49
173,173,2024-08-12,25.2,3039.94
174,71,2024-06-05,5.64,4103.18
175,198,2025-03-05,13.06,5986.65
176,169,2024-06-18,17.37,2074.4
177,663,2023-12-09,21.63,1241.9
178,67,2024-02-09,6.69,608.78
179,42,2024-02-25,3.43,2801.14
180,784,2024-10-13,17.45,4331.55
181,363,2025-09-25,4.77,2204.17
182,778,2025-11-01,6.32,2908.74
183,139,2025-09-12,24.74,3670.29
184,382,2024-02-09,19.4,7118.76
185,537,2025-02-21,4.59,4.59
186,71,2025-10-10,9.18,11327.71
187,790,2025-06-15,0.21,0.21
188,251,2025-08-18,25.72,7572.91
189,475,2025-09-25,16.27,6367.0
190,572,2024-03-20,18.04,1161.32
191,959,2024-02-04,3.6,327.57
192,321,2025-04-26,20.94,200.09
193,512,2024-10-11,8.76,8.76
194,373,2025-08-22,7.23,9378.93
195,537,2025-04-04,23.38,2596.96
196,363,2024-05-31,23.93,8129.3
197,351,2023-11-30,2.17,5189.36
198,511,2024-12-29,20.72,20.72
199,468,2023-12-30,23.09,4681.19
200,546,2025-04-02,17.79,295.53
201,329,2024-04-19,25.84,3077.47
202,983,2024-08-30,23.7,2314.91
203,819,2024-08-15,4.5,11255.61
204,617,2023-12-11,12.73,2970.55
205,569,2024-09-25,6.62,2059.74
206,635,2024-10-19,0.2,9491.5
207,436,2024-03-20,17.6,6610.98
208,579,2023-11-23,11.61,3058.01
209,26,2025-08-31,20.0,7033.87
210,44,2025-03-07,3.92,3718.18
211,463,2025-10-15,18.52,9619.09
212,41,2025-08-15,8.74,1593.91
213,501,2025-04-15,22.75,9326.43
214,362,2025-04-22,23.76,8878.07
215,466,2024-04-10,11.03,7681.9
216,877,2024-05-27,15.48,4975.36
217,698,2025-03-18,17.16,3364.56
218,793,2025-10-18,19.58,787.44
219,548,2024-03-30,3.85,1975.73
220,539,2025-04-01,7.09,1032.73
221,172,2025-06-28,23.13,6083.17
222,669,2025-11-10,20.42,2962.16
223,583,2023-12-16,7.89,650.49
224,324,2024-12-29,14.11,4911.79
225,215,2025-08-01,3.39,1394.78
226,61,2024-12-26,16.25,8757.85
227,533,2025-04-10,1.34,6200.88
228,95,2025-06-14,13.86,1966.94
229,840,2025-04-20,14.6,1256.56
230,63,2025-05-09,5.91,9070.08
231,743,2024-06-10,21.61,6476.52
232,633,2024-01-17,4.31,4017.77
233,247,2024-08-08,5.07,6976.79
234,424,2025-07-05,13.09,6271.51
235,924,2024-12-16,18.06,1168.57
236,772,2024-08-12,21.47,2573.43
237,529,2025-09-03,3.15,8591.78
238,45,2025-04-27,12.63,1850.39
239,758,2024-12-13,0.94,2603.22
240,225,2024-07-05,7.11,9500.9
241,853,2025-02-23,9.77,3679.15
242,557,2024-09-06,9.32,1105.29
243,252,2025-01-11,21.65,2645.39
244,898,2024-08-12,1.92,9407.52
245,38,2025-11-01,24.84,2618.02
246,380,2025-05-27,21.09,1252.24
247,269,2024-02-29,17.44,5554.56
248,206,2025-03-19,25.85,2386.53
249,533,2025-08-25,6.88,1805.54
250,500,2025-03-21,5.56,5354.25
251,315,2024-09-07,4.96,6445.51
252,267,2025-10-16,20.49,1867.89
253,126,2024-01-16,18.29,1125.24
254,344,2024-05-17,2.26,2123.21
255,237,2024-02-22,17.3,898.8
256,204,2025-09-19,5.99,4615.05
257,157,2025-02-27,19.51,3377.21
258,431,2024-10-08,15.19,6953.76
259,267,2024-12-12,25.15,6006.85
260,469,2025-03-25,0.71,4913.99
261,645,2025-08-25,19.36,4600.48
262,431,2024-07-22,7.89,4782.15
263,627,2025-09-15,25.58,2777.02
264,346,2025-11-01,3.12,3.12
265,141,2024-02-28,15.72,1226.02
266,975,2024-07-20,2.12,3401.07
267,562,2025-02-18,10.79,4619.63
268,38,2025-05-11,1.35,4302.83
269,599,2025-07-28,12.78,4171.87
270,692,2025-01-06,2.82,2.82
271,516,2025-10-28,3.55,3471.83
272,604,2025-06-15,4.45,1737.17
273,533,2025-07-08,6.4,684.61
274,236,2024-08-29,9.76,6123.94
275,402,2025-07-07,3.38,4198.52
276,252,2025-08-18,24.91,24.91
277,738,2025-11-07,20.93,9406.33
278,731,2024-12-15,15.37,1224.67
279,468,2024-11-27,23.01,1248.92
280,673,2025-01-07,3.76,3832.03
281,666,2024-05-18,21.08,1986.5
282,753,2024-12-20,21.54,8127.93
283,394,2025-10-02,23.03,4108.23
284,162,2025-05-07,6.44,7672.93
285,936,2025-03-28,6.01,6.01
286,350,2025-06-11,4.02,4.02
287,263,2024-11-05,1.46,2361.23
288,145,2024-07-08,15.2,1299.77
289,850,2025-07-17,8.75,10690.22
290,825,2024-08-12,22.62,4793.65
291,468,2025-09-28,23.38,5559.23
292,649,2024-11-30,20.01,4666.62
293,896,2025-07-04,20.28,4547.28
294,700,2024-04-22,16.19,3199.92
295,317,2024-07-27,15.67,11175.48
296,896,2024-09-07,3.16,3.16
297,332,2025-05-16,2.65,4019.09
298,582,2024-01-30,2.0,2.0
299,42,2025-02-24,22.78,1582.14
300,320,2024-10-10,10.31,4446.01
301,99,2025-07-15,2.25,8788.13
302,132,2025-08-29,5.19,4431.95
303,446,2024-03-30,2.62,2.62
304,363,2023-11-14,17.84,834.24
305,435,2025-06-16,8.63,1021.14
306,931,2024-11-16,25.28,5231.38
307,338,2024-01-31,12.81,3348.31
308,533,2024-02-27,13.73,1599.21
309,156,2024-01-05,14.58,1321.62
310,682,2025-10-08,6.56,2102.63
311,673,2024-05-08,16.66,4316.36
312,921,2024-09-05,12.02,2099.42
313,272,2025-07-09,17.07,6809.0
314,276,2024-12-14,17.9,17.9
315,33,2024-01-23,21.39,8444.0
316,1,2025-07-01,1.41,6823.36
317,177,2023-12-01,1.29,428.05
318,945,2023-12-06,25.12,685.42
319,728,2024-02-10,0.31,0.31
320,822,2024-03-28,15.4,1045.2
321,334,2025-06-03,5.73,5.73
322,349,2024-01-05,0.63,11989.3
323,515,2024-05-17,18.8,2954.73
324,88,2025-10-09,6.99,6.99
325,830,2024-09-17,13.12,1350.94
326,189,2024-08-01,24.25,3252.53
327,180,2024-09-03,18.45,3673.52
328,108,2025-04-07,18.49,10821.84
329,294,2024-06-20,24.44,3972.05
330,688,2024-08-23,10.21,12190.31
331,86,2024-04-14,6.88,4520.93
332,157,2024-09-22,2.58,7820.46
333,232,2025-01-18,21.27,1633.57
334,594,2024-10-28,14.1,840.69
335,316,2025-02-05,18.8,6541.64
336,932,2023-12-14,15.75,1018.4
337,365,2024-11-07,15.54,4977.24
338,791,2023-12-07,12.88,4506.78
339,821,2024-07-04,21.03,1954.21
340,234,2023-12-06,13.98,2927.06
341,701,2025-04-09,24.25,4023.01
342,191,2025-08-04,4.82,2631.75
343,176,2024-08-20,24.43,1859.43
344,71,2024-12-12,23.87,6057.97
345,615,2024-01-24,7.96,8966.54
346,919,2025-03-31,4.99,8498.85
347,148,2025-02-09,9.25,9.25
348,632,2024-07-27,16.4,6041.68
349,745,2025-10-24,16.33,3486.07
350,742,2024-11-06,7.77,5039.44
351,262,2023-12-03,10.21,9137.7
352,212,2023-12-12,23.37,2903.61
353,129,2024-11-04,12.28,6598.51
354,243,2025-09-06,18.27,6286.68
355,773,2024-10-26,21.03,3888.67
356,750,2024-12-15,15.31,2273.54
357,705,2024-01-13,0.46,2427.8
358,633,2025-04-26,25.51,11977.71
359,704,2025-04-20,7.68,1027.5
360,190,2025-09-18,1.63,5496.33
361,771,2024-10-11,5.01,2023.28
362,115,2025-05-14,18.7,6721.7
363,45,2024-05-08,13.14,5726.24
364,58,2025-11-02,14.28,14.28
365,748,2023-12-09,25.65,854.05
366,978,2024-06-27,15.7,2794.63
367,46,2025-06-04,24.75,1059.1
368,571,2025-07-30,1.14,14125.93
369,876,2024-04-20,7.56,1795.06
370,682,2024-09-09,8.24,3065.33
371,529,2023-11-21,7.58,7.58
372,290,2024-02-15,13.84,1533.49
373,87,2025-08-05,17.48,6531.93
374,417,2025-06-06,10.67,10.67
375,641,2025-09-27,17.33,862.01
376,750,2024-10-03,13.65,4215.48
377,206,2024-11-15,24.42,24.42
378,343,2024-10-17,25.04,10053.23
379,192,2025-04-06,3.74,10549.32
380,179,2024-08-23,21.31,4768.8
381,792,2025-09-20,23.91,2779.48
382,983,2025-03-05,25.24,2685.48
383,266,2023-12-19,17.95,2244.85
384,829,2025-01-15,16.35,16.35
385,742,2025-04-07,9.86,6744.19
386,88,2024-11-06,21.38,2725.46
387,442,2025-09-03,9.06,456.14
388,4,2024-06-15,23.86,195.24
389,840,2024-03-11,5.96,1115.31
390,563,2024-06-13,1.8,1.8
391,231,2024-07-13,15.84,2306.52
392,444,2024-02-02,20.78,9078.71
393,191,2024-03-06,1.91,3110.85
394,353,2025-07-18,21.28,7797.46
395,997,2024-04-07,16.26,5093.87
396,15,2024-11-03,24.42,1567.2
397,876,2023-11-18,0.8,1336.96
398,222,2025-06-03,8.91,4945.25
399,295,2025-06-25,2.81,1294.83
400,776,2025-09-05,24.68,24.68
401,303,2025-05-31,0.46,1148.74
402,923,2023-12-16,17.35,5784.22
403,869,2024-03-26,19.21,7908.58
404,715,2024-07-19,17.82,5665.88
405,266,2025-03-27,4.75,4.75
406,947,2025-07-24,10.79,3280.45
407,930,2024-04-29,25.8,25.8
408,838,2024-10-04,10.05,4695.91
409,840,2025-04-09,6.49,13403.81
410,824,2025-09-10,14.31,1081.87
411,967,2024-01-27,16.63,2546.74
412,237,2024-02-23,6.36,3546.04
413,88,2025-05-08,21.2,45.18
414,558,2025-10-06,19.02,1576.84
415,684,2024-12-29,5.76,6119.31
416,622,2024-09-29,2.16,3869.95
417,444,2024-08-08,7.1,10094.42
418,975,2025-04-07,15.9,581.5
419,788,2023-11-29,3.88,6286.42
420,899,2024-12-01,1.95,9480.39
421,165,2025-04-04,6.24,5152.3
422,736,2025-02-20,12.62,599.24
423,468,2024-01-30,1.02,4936.33
424,206,2024-10-25,13.14,2841.08
425,799,2024-06-04,7.99,4380.16
426,265,2024-12-25,16.0,7640.41
427,659,2024-09-17,12.18,9648.16
428,820,2023-12-31,25.84,25.84
429,976,2024-05-24,0.08,1307.18
430,858,2025-10-07,8.13,8475.5
431,211,2024-08-01,23.69,2819.87
432,823,2024-09-02,13.78,6468.32
433,677,2025-09-15,8.01,787.85
434,421,2025-09-06,7.92,6838.55
435,933,2025-08-15,1.78,5870.58
436,884,2024-02-10,17.36,1682.8
437,215,2024-03-11,5.22,2629.62
438,430,2025-01-03,21.7,1237.35
439,582,2025-03-13,8.58,8.58
440,446,2024-10-05,18.09,1128.59
441,758,2025-11-11,16.73,4459.99
442,255,2024-08-12,11.66,8845.27
443,708,2024-05-24,13.72,5683.57
444,349,2024-01-01,6.62,6456.22
445,588,2025-06-13,17.86,2176.1
446,113,2024-03-28,24.82,383.97
447,806,2024-09-11,16.98,16.98
448,776,2024-12-27,7.85,5822.22
449,551,2024-05-01,3.05,2645.98
450,641,2024-02-29,23.59,2559.59
451,364,2024-02-19,23.69,4506.01
452,614,2025-04-09,7.17,10803.45
453,334,2023-11-22,21.8,3851.1
454,876,2023-12-27,8.88,4299.32
455,553,2025-06-12,4.18,581.58
456,111,2024-02-04,6.11,2185.6
457,704,2025-03-14,4.55,893.53
458,782,2025-01-15,19.43,5214.39
459,985,2023-11-20,3.07,3873.79
460,935,2025-08-18,2.19,6107.57
461,148,2024-02-22,19.16,19.16
462,459,2025-09-17,20.94,4614.19
463,380,2025-08-04,5.77,908.49
464,282,2025-06-21,9.28,4188.41
465,259,2024-03-30,16.3,238.99
466,834,2024-10-26,10.62,99.07
467,417,2024-10-28,2.85,468.72
468,498,2024-01-25,24.5,6464.14
469,620,2024-08-23,3.47,8575.83
470,251,2025-02-19,18.78,3923.78
471,758,2024-12-13,6.23,1717.82
472,744,2025-06-23,10.76,9463.15
473,267,2024-02-28,1.17,4613.63
474,675,2024-02-14,9.3,631.46
475,920,2024-11-20,23.69,6760.38
476,379,2025-08-04,7.53,1143.89
477,662,2024-01-02,19.63,6861.53
478,139,2024-11-23,6.52,12307.0
479,453,2025-11-04,23.74,23.74
480,140,2024-12-31,23.49,4523.91
481,757,2024-05-12,3.87,1152.15
482,796,2025-05-17,24.56,2876.96
483,872,2025-07-19,9.47,1395.78
484,531,2024-08-04,1.84,1705.02
485,73,2024-04-26,21.44,977.54
486,542,2024-05-23,17.3,9581.02
487,374,2023-12-27,16.89,3646.89
488,456,2024-09-24,17.6,5209.83
489,409,2025-08-11,20.23,96.73
490,69,2025-06-06,3.05,2147.46
491,119,2023-12-04,1.32,12084.36
492,756,2025-03-18,17.56,1773.33
493,923,2025-09-24,18.55,886.79
494,995,2024-08-25,5.96,3711.45
495,129,2025-01-30,21.69,3200.04
496,679,2025-08-08,22.08,3541.1
497,67,2025-05-14,14.66,4202.19
498,20,2024-02-15,20.52,5139.64
499,641,2025-02-05,11.63,8286.69
500,760,2025-06-13,10.24,6594.54
501,88,2025-08-24,18.9,6930.48
502,597,2025-02-28,4.97,10800.95
503,300,2025-05-19,20.9,3147.75
504,849,2024-03-07,8.3,1091.98
505,58,2025-01-24,12.26,5981.73
506,397,2024-06-11,16.38,16.38
507,692,2025-06-01,2.45,4350.86
508,510,2024-09-25,6.32,6.32
509,121,2023-12-06,5.49,9931.67
510,123,2024-01-01,21.85,854.4
511,884,2024-01-15,1.85,1272.67
512,835,2025-08-26,0.44,4440.49
513,483,2024-02-28,19.55,3981.07
514,3,2025-02-24,22.5,390.51
515,196,2024-08-10,14.19,4076.06
516,942,2024-08-27,22.19,10230.25
517,993,2024-10-18,18.51,5178.96
518,597,2025-06-25,1.07,8197.7
519,993,2025-09-14,21.18,1386.61
520,403,2024-06-22,24.4,24.4
521,559,2024-12-09,12.07,12504.88
522,427,2024-07-10,21.7,21.7
523,521,2024-06-26,23.36,6859.56
524,611,2025-10-07,1.3,11431.8
525,793,2024-11-21,2.16,825.7
526,681,2024-08-22,21.04,4408.58
527,39,2025-08-11,24.58,4154.2
528,865,2025-03-31,0.96,3431.3
529,340,2025-04-05,6.84,4222.24
530,459,2025-09-19,11.85,6736.35
531,240,2025-01-29,6.5,3808.0
532,653,2025-03-11,1.83,1350.26
533,837,2025-01-06,23.87,10048.87
534,438,2024-10-22,2.25,7448.55
535,175,2024-01-19,24.57,1731.63
536,579,2024-11-05,6.6,6149.02
537,299,2024-07-21,18.94,4436.42
538,602,2024-11-25,8.18,7884.08
539,629,2025-02-17,24.51,4739.15
540,574,2024-05-15,6.37,2075.57
541,313,2024-05-28,0.49,4850.63
542,767,2024-05-30,2.57,1956.6
543,660,2024-06-12,0.09,8762.89
544,619,2024-11-23,18.08,825.78
545,264,2024-06-29,6.9,5220.66
546,641,2025-09-06,18.38,14862.93
547,685,2025-09-07,4.29,2388.36
548,517,2024-12-31,3.82,3485.92
549,690,2024-07-25,20.06,5012.21
550,625,2024-06-24,14.05,9045.91
551,328,2025-07-09,15.32,699.02
552,590,2024-11-26,14.38,3734.89
553,818,2024-09-09,0.37,0.37
554,192,2024-05-24,12.96,1517.72
555,266,2024-09-18,14.88,3167.32
556,397,2025-03-09,14.8,2395.4
557,921,2025-05-28,6.27,3939.7
558,515,2025-08-25,5.7,2614.42
559,316,2024-02-23,18.74,8920.15
560,383,2025-05-29,24.34,2234.7
561,873,2024-06-16,9.95,4401.81
562,458,2025-03-30,21.54,869.18
563,84,2024-08-04,24.27,2125.2
564,669,2024-12-14,25.22,5363.15
565,997,2024-07-05,3.73,4543.61
566,261,2025-06-19,21.99,2234.03
567,260,2025-01-12,25.41,7123.79
568,489,2024-03-19,15.88,3026.8
569,852,2025-04-26,6.18,6.18
570,8,2025-08-15,23.73,3053.22
571,7,2025-02-22,2.12,4619.68
572,38,2024-04-12,20.84,5847.22
573,414,2025-06-13,18.56,1556.52
574,333,2025-07-13,9.3,7192.33
575,578,2024-03-26,23.62,1051.54
576,560,2025-03-01,13.92,870.82
577,599,2024-11-11,20.61,8413.23
578,132,2024-05-11,4.33,3624.43
579,353,2024-11-02,11.89,6182.42
580,301,2024-05-29,22.1,2196.47
581,966,2025-01-02,5.33,2784.32
582,174,2024-12-10,14.63,243.68
583,691,2024-02-28,13.28,2803.42
584,643,2025-01-29,9.28,2769.67
585,605,2024-05-16,8.76,7823.46
586,851,2025-10-20,18.79,4196.9
587,221,2025-06-30,4.32,5976.04
588,83,2025-11-02,13.52,4735.01
589,255,2023-11-16,10.59,7221.86
590,790,2024-03-31,11.53,13100.51
591,381,2025-09-26,15.02,2852.33
592,909,2025-09-22,13.19,847.43
593,775,2024-10-11,19.9,3405.6
594,576,2025-11-07,8.13,3077.79
595,776,2025-01-13,0.15,3976.0
596,520,2024-06-03,24.96,4451.96
597,294,2025-01-01,16.43,4548.88
598,388,2024-04-07,3.18,4405.26
599,262,2023-12-21,1.96,8462.15
600,224,2024-09-21,0.38,7372.44
601,85,2025-10-31,9.98,9335.27
602,106,2025-01-22,9.15,1504.79
603,855,2024-10-27,9.44,620.91
604,364,2024-08-22,1.36,4730.21
605,141,2024-02-09,14.91,1409.12
606,827,2024-03-25,21.13,62.67
607,417,2024-08-04,24.98,2202.22
608,64,2025-06-21,20.33,1578.83
609,492,2023-12-23,4.02,4.02
610,413,2025-07-25,24.6,1722.03
611,910,2024-06-03,1.84,6774.3
612,968,2024-12-18,1.74,4741.03
613,194,2024-05-28,2.44,2.44
614,174,2025-06-09,22.15,499.35
615,353,2025-09-20,17.01,6382.55
616,695,2025-03-29,25.68,1583.57
617,497,2024-04-11,2.09,905.66
618,705,2025-08-26,13.55,4669.65
619,27,2025-01-01,22.92,3234.6
620,444,2023-11-21,14.78,8917.4
621,630,2024-07-17,19.6,19.6
622,946,2025-02-12,16.95,950.28
623,321,2024-06-03,25.66,351.4
624,551,2024-09-23,2.35,907.5
625,928,2024-04-30,14.29,5600.73
626,200,2025-02-07,10.13,6687.34
627,767,2025-01-04,16.93,2403.5
628,991,2024-05-26,22.19,5823.95
629,348,2024-12-21,15.17,3915.92
630,814,2025-07-20,10.42,3706.22
631,118,2024-03-03,17.08,8996.38
632,790,2024-12-22,3.37,7808.89
633,433,2024-07-02,12.83,1145.42
634,145,2024-04-22,5.97,3752.99
635,336,2025-06-24,2.68,285.9
636,933,2025-07-09,10.17,754.81
637,175,2024-04-10,6.84,1208.8
638,700,2025-02-06,9.4,12649.21
639,20,2025-10-11,21.32,1107.81
640,485,2024-01-19,15.7,2609.44
641,85,2025-05-08,20.57,2348.7
642,196,2025-10-29,4.82,7775.7
643,987,2024-05-29,25.98,4471.88
644,450,2024-11-03,2.57,4067.33
645,355,2024-01-22,5.88,11967.59
646,892,2025-07-23,24.78,3717.0
647,19,2024-04-23,4.66,3540.3
648,244,2024-10-14,13.92,1795.5
649,669,2024-03-14,7.08,4089.74
650,285,2024-03-19,4.25,2617.88
651,83,2024-04-23,4.59,1533.27
652,908,2024-01-31,22.27,902.11
653,829,2024-05-06,4.92,3519.73
654,385,2024-06-26,4.02,11549.24
655,916,2025-01-10,0.46,1258.36
656,333,2025-01-25,24.98,3313.23
657,158,2024-08-22,11.11,1511.78
658,345,2024-04-17,7.98,4423.3
659,692,2024-01-26,6.33,8272.71
660,120,2024-01-12,1.96,4260.21
661,559,2025-04-17,19.79,3915.91
662,879,2024-10-02,7.57,2730.86
663,185,2025-05-07,3.2,4414.96
664,906,2024-08-21,4.44,71.72
665,270,2025-02-05,25.91,8438.01
666,220,2024-08-17,24.44,11552.92
667,869,2024-12-13,25.37,6203.29
668,850,2024-05-30,17.49,1055.27
669,540,2025-08-19,4.48,8169.13
670,740,2024-11-07,10.6,10.6
671,918,2025-06-13,7.82,2162.57
672,461,2024-11-30,12.09,12.09
673,91,2024-07-06,5.05,4901.95
674,159,2024-11-12,3.31,436.75
675,719,2025-02-06,4.5,5077.69
676,376,2025-07-18,2.14,5591.08
677,249,2025-01-30,9.28,9129.65
678,243,2024-08-12,22.35,22.35
679,392,2025-04-11,5.68,690.42
680,534,2025-01-26,11.63,1164.07
681,246,2025-04-07,1.44,3075.03
682,125,2024-08-16,24.73,1516.37
683,718,2025-06-12,18.42,2220.9
684,777,2024-04-13,12.76,1856.1
685,703,2024-06-30,9.69,634.22
686,567,2024-09-05,22.78,22.78
687,311,2024-05-13,9.64,8223.79
688,953,2024-06-13,7.04,1747.08
689,816,2024-04-30,4.34,4247.66
690,964,2025-01-25,19.68,19.68
691,537,2024-10-22,20.15,6404.23
692,750,2023-12-01,17.99,4029.14
693,809,2025-09-27,25.86,3746.34
694,648,2024-05-10,16.84,638.36
695,936,2025-04-06,6.76,3274.92
696,661,2024-10-09,0.41,4347.71
697,753,2025-06-20,4.09,1652.43
698,14,2024-08-24,4.39,6978.85
699,463,2024-07-23,24.51,5702.35
700,866,2024-08-18,15.83,5225.55
701,774,2024-11-06,11.91,2454.09
702,993,2025-04-26,15.51,4522.48
703,184,2025-09-08,2.39,2964.27
704,77,2024-01-18,23.91,23.91
705,898,2024-05-18,9.32,2861.24
706,448,2024-04-29,8.17,3033.92
707,273,2024-08-07,4.25,6291.88
708,784,2025-11-11,17.59,7274.29
709,104,2024-10-28,5.63,4067.95
710,51,2024-03-16,4.3,6396.08
711,405,2025-07-30,7.27,2883.56
712,148,2025-02-27,14.11,5028.71
713,537,2025-01-24,7.72,6159.7
714,952,2025-06-28,5.71,4313.34
715,644,2025-07-24,4.76,1003.82
716,447,2025-10-29,6.3,1207.64
717,205,2024-08-06,9.39,7503.9
718,790,2025-05-23,23.93,3704.34
719,546,2024-01-18,19.6,9710.84
720,692,2025-09-13,17.87,870.98
721,564,2024-01-20,1.06,3148.89
722,411,2025-04-05,17.52,4777.1
723,428,2023-12-20,16.85,1578.3
724,702,2024-01-10,14.41,1800.67
725,154,2025-09-25,12.2,12.2
726,206,2024-10-10,14.4,2536.47
727,417,2024-06-15,22.24,5969.64
728,529,2025-08-02,2.54,4393.76
729,494,2024-06-04,22.81,22.81
730,705,2025-09-13,16.74,221.54
731,70,2024-04-29,19.15,2241.41
732,917,2024-06-28,25.65,3589.98
733,344,2024-11-28,22.66,2824.68
734,370,2024-05-01,18.24,8155.96
735,261,2024-01-20,10.0,6383.84
736,942,2023-12-22,20.34,1893.14
737,978,2025-03-06,23.81,4795.43
738,778,2025-06-09,2.68,1022.0
739,295,2025-10-11,12.73,1781.88
740,63,2025-10-02,3.81,1107.01
741,158,2024-03-21,23.51,8677.58
742,141,2024-12-18,17.35,3765.2
743,504,2025-10-02,21.86,3046.77
744,875,2025-08-29,17.76,3963.71
745,935,2024-05-04,22.06,2363.47
746,408,2025-06-26,10.45,267.64
747,554,2024-04-04,15.21,3339.34
748,288,2025-04-17,10.73,2856.64
749,366,2024-01-02,16.65,2040.69
750,547,2024-01-27,3.78,4488.93
751,995,2025-07-03,19.26,3809.88
752,807,2024-03-23,2.81,2856.01
753,52,2024-02-12,7.75,81.83
754,1000,2024-10-17,23.16,730.2
755,583,2025-05-23,8.6,5874.82
756,953,2025-04-25,14.22,9605.56
757,346,2024-03-04,9.38,8443.32
758,323,2025-09-25,25.36,701.04
759,918,2024-05-11,11.1,3655.84
760,49,2023-11-20,2.5,851.48
761,128,2025-07-31,18.74,1808.83
762,991,2025-05-27,18.98,2731.61
763,238,2024-11-23,21.19,3073.91
764,359,2023-11-29,15.67,3111.27
765,555,2024-11-16,15.44,3532.36
766,559,2023-12-25,13.08,5987.88
767,452,2024-02-20,21.21,8542.81
768,585,2023-12-19,12.26,961.01
769,518,2024-03-06,25.03,6000.67
770,264,2024-02-18,14.88,5616.89
771,886,2025-08-04,6.07,7848.46
772,607,2025-07-15,11.66,894.64
773,235,2025-01-06,22.21,1913.56
774,23,2024-06-05,11.25,4035.5
775,33,2024-05-11,0.82,5958.63
776,10,2024-03-21,5.38,5.38
777,761,2024-02-02,14.56,1625.08
778,428,2024-05-13,12.9,4325.8
779,678,2025-02-23,19.13,4971.83
780,30,2025-05-18,20.46,4159.89
781,891,2024-01-02,18.77,1452.36
782,848,2024-08-15,14.85,580.66
783,912,2023-11-14,4.97,1396.28
784,878,2024-10-15,16.06,495.26
785,868,2025-06-19,5.55,6735.72
786,184,2025-03-23,6.7,3204.03
787,506,2024-08-28,17.42,4616.09
788,671,2024-12-13,16.32,4616.37
789,333,2024-09-04,24.06,3436.14
790,987,2024-12-01,15.95,595.62
791,819,2025-10-17,16.16,3402.41
792,938,2025-10-03,16.12,3557.44
793,921,2024-07-29,19.8,6247.08
794,864,2025-01-29,15.29,5059.14
795,239,2025-04-22,16.73,16.73
796,774,2025-05-14,0.27,7457.97
797,592,2025-05-16,23.71,23.71
798,906,2024-11-30,7.55,7.55
799,776,2024-09-07,19.32,3648.67
800,744,2024-11-15,1.45,205.41
801,890,2024-11-13,23.76,8164.83
802,338,2025-06-24,18.74,3072.02
803,677,2024-04-13,0.78,2517.5
804,453,2025-01-25,7.85,1531.49
805,897,2024-08-08,4.03,2907.16
806,777,2024-06-19,0.07,2827.95
807,419,2025-01-28,0.8,6719.38
808,577,2024-09-10,6.86,1323.04
809,668,2024-08-14,3.27,4610.25
810,808,2024-08-13,6.49,7201.31
811,782,2024-06-30,10.15,5232.77
812,530,2024-04-07,16.71,939.18
813,4,2023-11-25,8.33,3088.15
814,895,2024-09-27,17.66,2015.0
815,213,2025-02-22,14.49,3729.98
816,652,2024-02-29,14.16,5667.8
817,608,2025-08-07,4.51,3509.01
818,231,2025-06-13,6.19,3191.22
819,128,2025-05-14,5.18,5.18
820,855,2025-03-02,7.48,2553.44
821,327,2024-06-21,5.37,3099.91
822,615,2024-05-10,18.59,18.59
823,902,2023-11-25,16.13,4742.55
824,512,2024-04-27,2.43,209.37
825,630,2024-09-29,8.34,8152.81
826,522,2024-11-03,22.28,4836.06
827,740,2024-10-19,19.34,4376.82
828,735,2024-10-19,17.12,423.39
829,475,2025-08-20,17.11,2701.56
830,155,2024-10-17,15.65,15.65
831,652,2024-09-12,8.48,4205.6
832,638,2023-12-21,25.55,2956.7
833,744,2025-10-06,22.05,3717.3
834,110,2025-08-30,9.23,3168.67
835,185,2025-09-18,20.2,2310.48
836,341,2024-06-16,11.22,9476.82
837,96,2023-12-22,21.48,3666.23
838,477,2024-10-18,23.33,5264.09
839,117,2024-08-22,16.5,2525.26
840,425,2025-03-05,4.02,4.02
841,410,2024-09-25,4.42,6799.58
842,998,2025-01-24,18.19,8699.65
843,428,2024-07-30,24.27,24.27
844,538,2024-11-22,22.01,765.87
845,563,2024-10-27,23.85,3911.95
846,437,2025-09-26,19.62,8715.13
847,419,2025-08-09,8.19,2315.99
848,526,2024-10-29,6.57,184.41
849,275,2024-07-28,23.78,3269.97
850,118,2024-04-03,18.84,18.84
851,950,2025-09-17,7.95,2218.53
852,492,2024-03-14,2.89,3060.45
853,927,2025-11-08,22.09,5109.53
854,363,2024-02-28,10.96,2055.86
855,437,2025-04-16,8.22,136.52
856,626,2024-05-29,19.19,3226.54
857,698,2023-12-02,2.45,3444.25
858,717,2024-04-21,17.25,1014.28
859,979,2024-11-28,22.0,9820.57
860,262,2023-12-01,11.93,3328.28
861,408,2024-09-03,20.81,20.81
862,160,2025-06-19,11.4,3529.79
863,859,2024-10-15,12.34,3862.7
864,486,2025-02-10,13.84,4569.29
865,154,2024-06-09,0.64,10408.93
866,158,2023-12-21,8.35,3881.65
867,955,2024-11-25,6.01,7061.87
868,551,2024-02-12,22.07,22.07
869,874,2024-09-29,7.41,1074.94
870,842,2024-11-04,23.6,1458.45
871,580,2025-05-25,10.8,5981.77
872,232,2023-12-10,20.32,3928.52
873,992,2025-06-05,11.97,11.97
874,752,2025-04-29,2.03,5633.64
875,975,2025-01-01,10.19,5913.07
876,825,2024-01-02,11.11,534.83
877,865,2025-10-21,17.96,5382.68
878,67,2025-09-25,1.09,7204.92
879,385,2024-08-16,13.68,1797.7
880,196,2025-03-10,23.05,5991.14
881,85,2024-09-30,3.74,3797.19
882,446,2025-04-25,12.97,615.06
883,313,2024-05-27,6.78,7723.79
884,944,2024-02-25,8.19,344.09
885,834,2025-09-12,1.22,5458.07
886,757,2024-01-21,12.71,4902.79
887,677,2024-08-20,22.02,1908.46
888,386,2024-08-28,14.8,8316.56
889,382,2023-12-14,0.73,5550.6
890,486,2024-06-22,22.24,6980.58
891,331,2025-10-11,0.92,1212.89
892,389,2024-04-04,25.78,5133.1
893,576,2025-01-03,3.07,1025.51
894,523,2024-09-14,19.25,4732.93
895,3,2025-07-09,24.7,3974.98
896,453,2024-03-03,4.53,2477.76
897,371,2024-12-17,6.74,1504.88
898,135,2024-05-18,8.86,9187.59
899,500,2025-09-13,23.34,4583.34
900,137,2023-11-14,14.6,1325.07
901,514,2024-01-01,25.79,1493.38
902,794,2025-08-02,0.61,644.38
903,814,2024-05-26,19.03,1821.75
904,728,2024-10-31,0.95,0.95
905,488,2024-01-01,16.48,2407.16
906,993,2024-10-21,10.71,10.71
907,403,2025-10-31,23.67,3153.31
908,217,2025-09-20,4.82,44.69
909,309,2024-11-08,9.3,3444.06
910,836,2024-01-11,12.26,8490.2
911,224,2024-10-14,2.58,8537.54
912,669,2025-09-01,19.71,3543.7
913,571,2025-02-06,16.72,6557.37
914,545,2025-10-29,12.08,6349.0
915,853,2025-07-27,1.83,494.91
916,247,2025-10-12,0.43,206.02
917,379,2024-05-20,10.94,2824.64
918,55,2024-12-26,21.8,4101.92
919,728,2025-08-24,11.06,2465.78
920,308,2025-07-01,15.77,16263.1
921,919,2024-07-12,14.26,14.26
922,244,2025-03-14,3.58,1157.98
923,765,2024-12-03,24.64,4542.94
924,200,2025-03-16,5.29,1620.24
925,781,2025-07-16,22.04,4536.33
926,807,2025-01-18,21.62,10395.13
927,597,2025-03-26,2.44,2.44
928,159,2025-06-25,20.44,20.44
929,779,2025-06-04,13.54,3550.92
930,444,2024-05-11,17.73,1881.85
931,296,2025-07-01,0.05,6977.98
932,367,2024-09-26,6.67,12272.34
933,337,2024-05-30,13.69,4643.86
934,965,2025-10-01,4.84,5051.48
935,891,2024-06-20,15.24,4469.19
936,931,2025-10-25,21.52,379.22
937,962,2025-11-07,0.79,8500.33
938,480,2023-12-21,6.6,6863.23
939,999,2025-01-19,4.95,1291.52
940,332,2025-06-22,7.26,1211.57
941,358,2024-05-20,20.94,426.53
942,658,2025-07-08,12.85,4979.97
943,394,2024-12-23,22.95,585.6
944,840,2025-07-23,2.99,2337.26
945,508,2024-04-22,18.95,4769.0
946,715,2025-10-12,10.99,4823.32
947,800,2024-10-18,17.88,1905.5
948,693,2024-03-05,2.95,7457.23
949,221,2024-01-25,15.11,9671.97
950,26,2024-12-14,17.72,4810.14
951,825,2024-08-05,22.62,9972.17
952,559,2025-05-09,7.68,2731.11
953,970,2024-09-15,15.05,5340.85
954,378,2024-07-13,21.24,1354.78
955,294,2024-01-12,12.69,5976.74
956,779,2024-03-11,6.33,608.32
957,810,2024-10-30,11.98,5254.81
958,860,2025-09-22,7.81,919.92
959,205,2024-01-01,23.96,11703.15
960,951,2024-06-30,6.4,6.4
961,311,2025-08-25,17.4,530.2
962,925,2024-09-27,8.21,1274.55
963,27,2025-07-01,10.97,4531.07
964,522,2024-03-05,1.41,4046.02
965,565,2024-10-24,14.0,158.76
966,897,2023-12-06,22.31,1147.1
967,967,2025-09-29,23.46,5057.84
968,434,2024-02-08,24.3,2487.5
969,88,2024-05-04,24.13,1915.67
970,333,2025-08-17,12.33,7143.25
971,750,2024-11-07,16.55,4059.31
972,16,2025-10-14,13.13,374.44
973,985,2025-01-17,22.53,702.27
974,840,2024-09-05,6.27,4659.77
975,841,2025-07-26,10.66,2966.62
976,311,2024-06-10,17.28,17.28
977,162,2025-02-02,8.18,4626.53
978,303,2024-03-13,20.69,4225.16
979,280,2024-03-09,13.74,7228.37
980,730,2024-07-10,14.21,5430.77
981,237,2024-08-15,3.52,1546.47
982,500,2024-01-13,7.98,5003.01
983,964,2024-01-13,15.22,6189.31
984,836,2025-06-18,20.59,3296.23
985,142,2023-11-20,7.67,963.0
986,15,2024-12-13,8.78,7827.5
987,6,2024-11-08,17.56,1278.91
988,958,2024-01-20,23.7,5078.77
989,939,2025-10-23,8.86,2657.25
990,580,2025-06-26,19.3,4728.8
991,933,2025-03-01,7.71,6325.8
992,512,2025-11-08,7.05,7.05
993,196,2023-11-15,5.33,8837.49
994,206,2024-03-22,9.69,5720.52
995,659,2024-02-19,16.19,806.19
996,195,2025-11-02,5.39,6113.73
997,135,2024-08-08,13.35,378.85
998,122,2025-03-29,15.23,6946.35
999,48,2025-07-10,25.86,6044.02
1000,965,2024-08-01,7.4,3618.85
1001,293,2025-01-05,15.33,3771.83
1002,865,2023-12-13,6.65,8062.65
1003,161,2025-08-27,12.6,7780.57
1004,791,2024-07-12,1.18,4587.21
1005,568,2023-12-12,0.37,2593.61
1006,566,2025-01-13,21.13,4581.96
1007,868,2025-11-05,6.17,126.07
1008,331,2025-02-05,12.69,4260.19
1009,667,2025-07-06,25.33,3770.7
1010,59,2024-04-02,12.9,2276.5
1011,994,2024-03-17,14.96,5029.98
1012,778,2024-08-25,4.08,8583.02
1013,542,2025-11-09,2.56,8389.24
1014,247,2024-01-31,22.07,5065.79
1015,341,2025-01-20,14.28,6066.82
1016,399,2025-02-05,22.06,1090.06
1017,746,2024-12-02,3.6,7274.28
1018,266,2025-07-14,8.06,655.15
1019,775,2024-06-08,19.72,4862.17
1020,560,2023-12-31,19.54,8291.66
1021,345,2025-01-30,9.7,6724.18
1022,388,2024-05-22,22.0,13844.13
1023,777,2025-02-26,4.09,5544.29
1024,409,2025-04-08,19.48,2449.14
1025,782,2024-01-23,12.77,4646.35
1026,483,2025-01-30,21.19,9778.84
1027,736,2025-03-31,5.7,5.7
1028,356,2023-12-07,14.24,2835.29
1029,906,2025-07-28,11.08,881.62
1030,82,2025-03-14,18.59,8430.2
1031,896,2025-04-04,0.33,9604.78
1032,887,2025-06-28,8.16,1370.54
1033,704,2024-08-02,14.96,3029.65
1034,880,2024-11-19,2.66,5948.27
1035,16,2024-06-15,21.54,418.68
1036,512,2025-04-12,18.21,6365.05
1037,285,2024-09-02,10.5,90.24
1038,188,2025-06-25,12.24,576.54
1039,193,2024-05-03,4.99,1224.4
1040,92,2025-11-02,14.17,371.87
1041,882,2024-06-27,13.44,726.74
1042,7,2024-07-09,11.45,2546.91
1043,230,2024-05-07,1.0,2273.44
1044,107,2024-03-01,12.97,2621.28
1045,952,2024-03-06,6.33,1058.83
1046,864,2024-01-11,21.89,4365.3
1047,522,2025-01-16,3.9,457.83
1048,857,2024-02-08,25.06,4590.88
1049,635,2024-01-31,4.41,5193.82
1050,807,2024-10-07,1.39,2194.9
1051,656,2024-03-02,5.97,2902.8
1052,927,2024-01-06,17.77,559.61
1053,464,2025-05-30,4.67,817.71
1054,231,2025-03-30,6.3,6669.86
1055,872,2025-01-10,14.21,633.57
1056,597,2025-04-22,14.0,4801.59
1057,629,2024-09-27,24.2,2444.61
1058,732,2024-02-11,21.3,2665.76
1059,28,2025-02-26,16.11,848.43
1060,962,2025-10-03,0.24,7922.63
1061,643,2024-12-21,6.2,530.93
1062,847,2025-01-16,19.97,912.33
1063,95,2025-09-29,17.91,1931.71
1064,823,2024-04-15,11.05,9470.47
1065,577,2024-10-24,5.61,6847.77
1066,731,2023-12-08,9.07,4972.48
1067,81,2024-03-07,17.79,6848.66
1068,580,2024-04-01,18.97,8954.1
1069,318,2024-01-01,2.43,2.43
1070,964,2023-12-06,12.94,5247.39
1071,228,2025-07-29,19.74,8192.07
1072,376,2024-05-16,11.14,1186.1
1073,672,2024-03-29,2.11,4505.47
1074,974,2024-11-11,23.03,1074.8
1075,332,2025-03-09,20.07,8448.96
1076,562,2024-08-30,18.43,18.43
1077,759,2025-04-15,7.32,2182.95
1078,804,2024-07-07,25.1,664.4
1079,135,2024-02-19,6.23,6.23
1080,109,2024-07-09,5.78,3149.03
1081,151,2025-10-20,19.93,19.93
1082,406,2024-09-17,24.13,5570.12
1083,821,2024-07-01,24.88,3605.04
1084,569,2025-09-13,22.79,2786.55
1085,547,2025-01-01,18.42,8400.05
1086,116,2025-04-08,18.78,2459.81
1087,620,2023-11-19,18.04,4345.69
1088,975,2025-06-08,22.82,3627.47
1089,502,2025-10-11,2.75,6195.47
1090,44,2024-09-12,13.94,3273.57
1091,140,2024-11-03,12.01,4637.57
1092,427,2025-11-05,3.46,5698.55
1093,364,2024-03-01,5.49,4529.32
1094,321,2025-08-21,4.72,1436.28
1095,221,2024-05-07,9.56,8403.77
1096,780,2025-01-28,11.66,6340.55
1097,857,2025-10-13,0.32,4242.54
1098,155,2025-09-07,25.63,6255.27
1099,213,2025-04-23,12.09,1468.89
1100,362,2024-09-14,23.38,8974.55
1101,135,2025-05-30,2.66,3588.47
1102,637,2025-02-17,21.11,1714.56
1103,386,2025-04-17,11.24,5906.79
1104,890,2025-06-20,24.34,2578.98
1105,640,2024-08-12,8.3,3839.9
1106,117,2023-11-16,9.51,247.11
1107,693,2024-10-31,1.29,1102.01
1108,964,2025-07-08,16.67,1377.76
1109,73,2024-11-14,8.03,1161.74
1110,156,2024-04-16,7.16,3570.32
1111,400,2024-07-14,3.02,4175.01
1112,579,2025-03-09,3.54,6293.8
1113,278,2025-05-05,4.03,18001.81
1114,112,2024-11-17,0.42,4898.12
1115,494,2024-12-06,16.58,4172.18
1116,398,2025-08-25,20.61,20.61
1117,43,2025-11-09,19.83,5578.19
1118,754,2025-02-03,0.13,1941.55
1119,595,2025-02-03,20.42,7483.71
1120,315,2024-09-26,17.75,3936.46
1121,43,2025-10-08,21.32,1711.92
1122,591,2025-06-21,15.14,5544.13
1123,398,2024-10-11,21.94,1022.78
1124,149,2025-04-22,11.19,3702.33
1125,960,2024-12-17,13.49,4733.71
1126,401,2024-12-11,6.98,7178.16
1127,798,2025-05-19,4.35,4.35
1128,635,2023-12-16,23.77,3644.22
1129,383,2024-07-14,17.76,581.97
1130,553,2024-09-06,24.54,5396.53
1131,220,2025-02-14,23.92,6437.03
1132,740,2025-06-14,19.24,4161.7
1133,366,2024-10-25,21.13,11904.65
1134,746,2025-08-16,3.35,324.83
1135,649,2025-09-23,9.32,11022.26
1136,820,2025-09-12,21.3,2152.54
1137,183,2025-02-01,22.22,5547.58
1138,437,2024-04-30,3.21,5301.81
1139,544,2024-07-01,2.15,1001.21
1140,84,2025-01-18,23.3,4948.43
1141,345,2024-10-07,21.23,3842.88
1142,829,2024-06-20,21.81,2261.13
1143,363,2025-03-04,8.24,1416.8
1144,825,2023-12-12,9.63,6989.35
1145,130,2024-04-29,10.57,3493.01
1146,310,2025-09-05,5.85,7337.98
1147,348,2024-05-17,14.47,6820.37
1148,583,2024-05-25,22.25,595.08
1149,271,2024-12-05,7.48,1849.98
1150,646,2023-12-13,22.77,8413.64
1151,328,2025-10-09,11.98,7334.65
1152,433,2024-10-07,11.12,10114.84
1153,505,2024-08-30,4.49,3917.43
1154,153,2024-09-23,14.86,1371.97
1155,321,2025-10-14,2.88,2.88
1156,936,2025-06-22,3.7,1921.82
1157,598,2024-06-01,4.93,1241.78
1158,499,2025-07-01,14.96,14.96
1159,308,2024-12-17,20.42,20.42
1160,46,2024-09-13,22.61,2845.46
1161,173,2024-11-14,11.72,413.57
1162,376,2025-10-10,24.87,8303.59
1163,211,2025-06-16,3.46,5958.08
1164,569,2025-02-23,15.17,1399.09
1165,247,2024-06-24,11.78,16883.16
1166,856,2025-01-25,25.48,4951.93
1167,746,2023-12-21,22.58,3953.49
1168,287,2025-11-05,1.26,2402.84
1169,276,2024-04-18,11.42,11.42
1170,608,2025-03-11,25.36,3960.14
1171,828,2024-06-11,16.8,2663.73
1172,133,2024-02-06,18.52,3313.4
1173,11,2024-05-03,13.63,4359.2
1174,673,2025-11-06,25.79,7500.27
1175,365,2024-12-27,2.12,5601.46
1176,654,2024-07-11,21.17,5403.26
1177,40,2024-12-16,15.62,4250.31
1178,192,2024-04-08,16.79,5119.43
1179,898,2025-03-28,22.36,1305.34
1180,727,2024-01-11,11.91,4339.73
1181,212,2025-02-28,19.89,1956.34
1182,559,2025-10-05,14.0,3409.25
1183,284,2023-11-29,24.52,3536.7
1184,900,2024-02-16,6.28,1695.09
1185,415,2025-05-14,23.78,5138.0
1186,813,2024-05-20,1.09,1.09
1187,19,2025-03-08,2.53,2027.21
1188,472,2025-03-19,4.91,1585.53
1189,660,2024-09-12,15.95,5891.18
1190,710,2025-09-06,10.79,1252.15
1191,122,2024-04-11,6.49,10088.41
1192,111,2024-03-12,0.64,2736.78
1193,63,2024-01-24,6.59,7647.12
1194,823,2025-09-25,14.82,2806.01
1195,346,2024-06-27,20.96,1253.66
1196,561,2024-12-14,15.95,1609.99
1197,592,2024-12-19,2.38,1451.35
1198,309,2024-01-03,24.23,2862.18
1199,452,2025-11-01,11.89,7528.4
1200,753,2025-08-13,6.38,4227.57
1201,747,2025-07-29,14.52,3348.37
1202,633,2023-11-16,11.88,5427.92
1203,371,2024-05-07,4.87,4.87
1204,237,2025-06-05,9.78,6542.34
1205,675,2025-06-16,5.21,2831.24
1206,690,2025-10-04,15.43,6277.82
1207,971,2025-10-19,24.57,990.84
1208,284,2024-02-04,3.29,9115.19
1209,352,2024-10-08,25.97,3629.85
1210,834,2024-02-10,2.6,6231.15
1211,56,2025-05-26,10.15,8007.49
1212,563,2025-06-05,11.11,3772.96
1213,149,2024-10-19,17.24,177.98
1214,99,2024-02-11,10.17,4071.02
1215,363,2025-03-16,1.78,5644.6
1216,689,2024-06-04,2.86,2391.38
1217,280,2024-01-13,0.1,4568.3
1218,499,2025-06-12,9.68,1837.91
1219,488,2024-07-29,9.2,5295.59
1220,521,2024-08-23,16.85,1971.87
1221,510,2024-03-31,0.44,2267.64
1222,968,2025-10-04,24.51,7505.4
1223,125,2025-04-27,12.68,458.28
1224,466,2025-09-09,19.09,3245.95
1225,511,2025-02-09,1.03,4727.65
1226,457,2025-10-22,3.12,4039.41
1227,952,2025-05-27,24.11,12140.35
1228,455,2025-11-08,23.39,1481.96
1229,895,2024-03-11,2.5,4818.51
1230,571,2024-07-21,6.47,600.96
1231,550,2024-11-29,8.05,3609.88
1232,505,2025-04-01,18.33,3937.3
1233,751,2024-04-03,16.21,9761.51
1234,452,2025-11-07,7.71,6958.29
1235,725,2025-05-20,6.44,5632.88
1236,60,2024-07-27,7.34,5479.1
1237,976,2024-07-19,4.27,1198.82
1238,215,2024-08-24,3.08,1620.48
1239,653,2025-05-20,0.32,0.32
1240,504,2024-01-28,8.39,2819.97
1241,484,2024-11-22,11.0,3307.63
1242,527,2025-06-29,7.61,581.43
1243,144,2024-04-17,3.04,4712.13
1244,677,2024-03-31,16.84,3720.64
1245,980,2025-02-22,23.22,1000.49
1246,690,2025-06-01,3.59,3508.51
1247,125,2025-05-13,21.04,5185.07
1248,94,2024-01-01,6.11,3068.6
1249,741,2025-11-08,20.12,6024.74
1250,359,2024-04-27,7.04,7.04
1251,486,2025-03-08,15.32,1088.62
1252,535,2025-09-11,15.17,852.77
1253,252,2024-11-09,0.98,8949.58
1254,511,2025-05-30,14.88,4492.56
1255,691,2024-08-23,5.82,7131.41
1256,252,2025-02-25,18.48,3394.61
1257,199,2024-04-07,4.77,5724.44
1258,811,2023-12-14,25.09,7775.44
1259,623,2024-10-10,22.67,1148.26
1260,141,2023-11-16,20.01,4169.54
1261,9,2024-07-30,0.5,2718.77
1262,716,2025-11-04,17.47,6415.0
1263,2,2025-09-26,9.04,4480.08
1264,484,2025-03-02,10.38,4117.01
1265,752,2024-09-12,5.81,7101.55
1266,94,2025-07-18,25.08,913.92
1267,656,2025-10-22,19.5,3645.55
1268,743,2025-08-05,6.99,1192.32
1269,194,2024-01-15,6.62,5635.96
1270,317,2025-07-22,24.03,1424.13
1271,405,2025-01-21,13.21,2532.63
1272,132,2024-12-28,0.65,1297.21
1273,984,2024-02-07,17.79,169.39
1274,716,2024-02-21,10.5,5908.37
1275,102,2024-11-09,6.1,1672.79
1276,957,2025-11-11,11.19,3730.22
1277,37,2025-04-27,3.68,4387.79
1278,973,2024-07-20,8.48,2520.84
1279,572,2025-02-12,12.64,10278.43
1280,298,2023-12-07,12.69,6130.57
1281,623,2025-07-16,18.23,4412.48
1282,614,2024-07-02,24.67,3302.07
1283,337,2024-06-29,13.23,837.91
1284,78,2025-07-07,24.68,1899.11
1285,981,2024-06-15,22.33,5567.87
1286,26,2025-08-02,14.35,14.35
1287,726,2023-12-24,22.84,553.47
1288,911,2024-06-20,22.64,4375.94
1289,942,2025-10-18,11.99,2927.63
1290,154,2024-02-22,25.33,5175.88
1291,491,2024-05-20,7.65,14664.87
1292,318,2024-08-17,13.72,4264.39
1293,840,2024-03-04,7.85,7385.21
1294,456,2024-07-19,16.67,11450.3
1295,393,2024-09-10,22.11,4448.76
1296,826,2024-01-07,19.64,583.88
1297,320,2024-12-06,16.0,667.31
1298,743,2024-01-07,6.38,6857.2
1299,576,2024-06-26,16.8,5588.29
1300,374,2024-06-20,20.82,6118.77
1301,417,2023-11-30,4.78,3972.58
1302,628,2025-10-31,7.54,3081.13
1303,332,2024-07-10,1.01,1288.55
1304,432,2025-04-17,18.57,7358.52
1305,696,2025-08-10,16.53,2215.46
1306,519,2025-09-24,8.97,2566.02
1307,988,2025-01-27,1.07,1566.77
1308,930,2025-07-28,8.06,2905.24
1309,622,2024-08-05,0.09,825.89
1310,13,2024-01-22,24.02,2452.02
1311,568,2024-05-25,23.18,2182.79
1312,495,2024-07-14,0.77,7582.94
1313,137,2025-08-24,16.79,2133.15
1314,49,2024-03-26,12.66,5185.96
1315,984,2024-04-17,18.44,1262.53
1316,5,2025-06-21,19.77,4464.43
1317,822,2024-05-01,25.58,2246.22
1318,787,2024-06-03,24.18,1246.37
1319,308,2025-07-21,18.71,2080.32
1320,785,2024-12-20,11.37,2730.63
1321,788,2024-12-13,2.64,10291.82
1322,242,2025-08-03,14.03,5645.99
1323,703,2025-06-29,18.92,7277.76
1324,879,2024-12-19,5.37,4067.63
1325,790,2025-01-09,10.56,2399.7
1326,389,2025-04-01,7.54,5568.89
1327,590,2024-06-18,19.46,3800.49
1328,282,2024-12-21,0.07,483.67
1329,127,2024-06-18,19.1,19.1
1330,316,2025-08-29,10.75,3150.84
1331,371,2025-05-16,11.9,5986.59
1332,575,2023-12-13,5.24,4382.16
1333,535,2025-09-15,10.43,3139.38
1334,165,2024-09-16,23.18,1131.56
1335,462,2025-03-08,1.55,1596.29
1336,159,2024-05-28,24.87,1498.59
1337,901,2023-12-22,21.13,3163.8
1338,521,2024-01-03,6.76,8577.86
1339,894,2025-10-07,15.62,15.62
1340,80,2025-01-17,18.44,4618.48
1341,528,2024-01-31,24.75,2908.68
1342,80,2024-10-27,23.01,7517.98
1343,993,2024-10-22,4.24,2194.37
1344,347,2024-08-03,9.29,949.84
1345,657,2024-12-14,13.27,14499.24
1346,416,2024-05-25,23.21,5529.02
1347,732,2025-01-18,13.08,2861.25
1348,232,2024-12-28,25.88,2555.99
1349,624,2025-06-16,16.45,4371.82
1350,512,2024-01-12,12.73,1880.1
1351,67,2024-03-16,5.13,3401.51
1352,402,2025-03-02,0.54,11146.01
1353,998,2025-01-02,25.5,25.5
1354,705,2025-08-08,21.23,1717.5
1355,305,2025-02-17,15.77,7379.56
1356,208,2023-11-26,20.22,1030.86
1357,385,2024-04-21,23.62,6290.7
1358,92,2025-04-14,7.1,7.1
1359,1000,2024-03-16,12.92,83.3
1360,992,2025-10-13,23.65,1281.61
1361,575,2025-08-06,0.13,8731.32
1362,410,2024-11-20,19.3,10277.88
1363,412,2025-11-06,16.9,3753.13
1364,790,2023-11-17,0.88,1923.26
1365,250,2024-11-30,17.26,6402.14
1366,838,2024-05-31,3.2,5372.41
1367,101,2025-06-16,13.66,3558.61
1368,674,2025-06-03,12.45,1932.49
1369,997,2024-03-30,4.93,2217.75
1370,728,2024-12-18,6.89,4307.6
1371,926,2023-12-27,11.34,1324.3
1372,312,2024-04-16,23.01,6673.11
1373,286,2025-03-15,11.12,2552.07
1374,566,2024-04-02,1.18,1.18
1375,262,2024-12-03,3.31,3407.01
1376,647,2024-07-22,24.72,6603.28
1377,373,2024-09-04,7.41,2723.13
1378,406,2025-01-18,24.51,4960.39
1379,95,2025-09-09,20.35,267.72
1380,59,2024-06-11,24.76,1053.32
1381,902,2024-05-14,14.97,4144.52
1382,279,2025-07-31,9.82,4288.94
1383,355,2024-02-13,1.87,8890.86
1384,408,2024-09-16,24.53,2141.68
1385,702,2025-03-01,7.75,1427.65
1386,623,2024-11-11,8.08,5707.83
1387,522,2025-10-28,12.91,2001.12
1388,212,2024-09-05,7.7,4947.77
1389,107,2024-04-01,25.85,2749.28
1390,802,2024-05-16,20.87,191.55
1391,55,2024-02-15,2.4,1430.71
1392,591,2024-03-27,1.8,878.89
1393,52,2025-02-24,14.16,425.72
1394,424,2024-02-09,9.17,1408.21
1395,398,2025-03-18,19.85,4440.69
1396,622,2024-02-18,5.6,9352.39
1397,806,2023-12-13,23.76,541.56
1398,304,2025-11-12,15.94,1659.14
1399,347,2025-05-11,18.4,8783.34
1400,108,2025-05-01,10.04,2380.65
1401,478,2025-03-28,20.82,3334.87
1402,863,2024-02-19,5.27,4064.41
1403,709,2024-04-21,22.53,6087.79
1404,259,2025-10-15,1.01,5339.09
1405,615,2025-01-07,6.57,6262.02
1406,346,2025-03-04,10.93,3372.68
1407,9,2025-04-21,7.39,1752.01
1408,708,2025-07-12,13.41,568.52
1409,96,2023-11-24,9.42,3686.62
1410,161,2024-01-31,12.55,3713.95
1411,920,2024-04-12,1.87,1111.07
1412,234,2024-02-27,25.37,8663.14
1413,933,2025-04-26,16.34,1584.56
1414,117,2025-06-10,9.16,3691.16
1415,582,2025-08-10,12.2,2469.35
1416,930,2024-07-08,0.95,6484.3
1417,102,2024-09-09,9.58,3808.25
1418,142,2025-03-10,16.93,731.71
1419,116,2025-03-25,0.43,11603.4
1420,166,2024-10-03,22.49,1825.21
1421,576,2024-04-09,19.77,9284.07
1422,930,2025-02-20,8.41,11333.24
1423,446,2024-04-13,25.6,638.95
1424,943,2024-07-29,9.02,2635.81
1425,176,2025-08-10,22.04,506.66
1426,510,2025-08-02,25.44,6441.07
1427,584,2025-03-12,0.97,330.35
1428,380,2024-11-06,24.42,1615.59
1429,889,2025-10-07,13.79,5241.6
1430,31,2024-09-28,23.93,3457.95
1431,341,2024-05-16,9.81,3083.44
1432,406,2024-09-25,10.52,1262.25
1433,921,2024-03-08,23.15,4434.76
1434,779,2025-06-07,4.92,3826.3
1435,650,2025-07-15,6.51,5225.86
1436,944,2025-05-14,18.8,2761.81
1437,665,2024-12-01,17.69,9739.82
1438,51,2024-04-11,17.57,4293.89
1439,573,2024-02-02,13.31,596.6
1440,216,2024-06-10,1.38,10881.56
1441,588,2024-06-08,7.18,5666.33
1442,265,2024-03-22,1.24,2801.18
1443,104,2025-05-29,1.87,1.87
1444,728,2024-10-24,4.78,2755.1
1445,16,2025-05-24,1.66,1979.36
1446,904,2023-12-31,12.35,9191.51
1447,310,2024-10-11,25.42,2465.21
1448,56,2024-06-22,2.77,3753.2
1449,920,2024-04-25,24.51,9171.54
1450,23,2024-04-08,14.84,4645.78
1451,561,2025-08-06,25.36,9333.66
1452,263,2025-07-19,0.88,11121.59
1453,509,2025-10-18,11.24,9892.02
1454,283,2024-05-29,5.74,4592.18
1455,189,2024-10-30,0.37,2938.51
1456,779,2024-09-29,3.45,3883.15
1457,766,2024-02-19,8.59,3780.17
1458,353,2025-06-06,23.83,2451.87
1459,560,2025-02-27,11.34,4443.78
1460,408,2024-08-21,4.84,4780.38
1461,791,2025-11-04,14.89,5187.4
1462,381,2024-12-21,5.87,4727.22
1463,306,2025-02-25,22.87,8394.99
1464,989,2024-02-27,4.48,1449.06
1465,15,2024-05-27,19.05,3416.21
1466,425,2024-08-11,17.82,172.42
1467,554,2024-05-18,21.26,1259.42
1468,592,2024-01-25,24.14,3245.18
1469,9,2025-08-05,14.1,4548.85
1470,258,2024-11-25,4.67,2625.79
1471,163,2024-06-27,19.49,3463.41
1472,632,2024-09-04,21.29,3033.3
1473,956,2023-12-30,9.01,9.01
1474,308,2025-10-13,10.43,2101.98
1475,943,2024-01-31,5.82,1293.62
1476,942,2025-09-01,6.6,2657.99
1477,780,2024-05-16,20.42,3784.22
1478,13,2024-05-10,9.18,2760.14
1479,898,2025-10-14,22.13,4677.02
1480,401,2025-09-24,8.75,8.75
1481,882,2025-07-31,24.54,7517.11
1482,819,2025-01-06,21.7,2635.38
1483,410,2025-09-19,23.67,2227.36
1484,845,2025-09-17,22.2,4866.53
1485,364,2025-02-14,7.15,535.0
1486,691,2025-10-28,7.81,1201.02
1487,660,2023-11-16,5.05,9070.22
1488,899,2025-10-14,8.82,5925.02
1489,80,2024-07-10,11.74,2404.22
1490,323,2025-04-01,3.34,3557.83
1491,562,2024-12-22,21.04,1785.59
1492,927,2025-01-02,23.29,1113.45
1493,902,2023-11-15,6.9,4189.04
1494,10,2024-04-03,2.74,2.74
1495,219,2024-02-01,7.45,2456.93
1496,217,2024-06-24,23.83,23.83
1497,456,2025-05-25,25.91,2229.36
1498,7,2024-05-15,18.99,7234.75
1499,420,2025-06-24,8.02,2464.22
1500,471,2025-01-15,16.3,3715.93
1501,513,2025-02-15,8.0,441.18
1502,665,2025-03-17,6.83,2803.01
1503,802,2025-10-16,23.76,7935.69
1504,854,2024-12-31,19.88,4168.37
1505,239,2024-07-31,16.22,2043.26
1506,516,2024-08-17,11.78,7540.06
1507,725,2025-02-12,2.7,7739.44
1508,689,2025-08-25,0.34,7607.77
1509,80,2024-07-08,19.25,19.25
1510,266,2025-08-02,25.11,1996.91
1511,589,2024-07-31,3.96,3372.48
1512,199,2025-05-21,18.08,2496.64
1513,799,2024-12-07,7.96,2182.48
1514,916,2024-11-08,11.94,9035.55
1515,527,2024-09-23,11.8,839.28
1516,800,2024-12-29,2.04,2184.51
1517,213,2025-04-01,22.55,5849.21
1518,672,2024-01-28,14.69,10585.87
1519,30,2025-08-29,17.45,4780.4
1520,594,2024-05-01,23.96,3154.41
1521,727,2025-08-08,5.3,2899.61
1522,701,2024-04-11,8.43,268.63
1523,31,2024-09-10,4.95,4.95
1524,178,2025-11-11,15.16,5516.68
1525,537,2024-01-06,1.21,527.77
1526,42,2025-03-25,0.09,458.19
1527,856,2025-10-27,21.22,210.94
1528,838,2024-10-01,8.06,2436.51
1529,677,2024-02-21,9.3,7423.07
1530,366,2025-05-06,7.44,7.44
1531,264,2024-04-21,2.38,594.35
1532,881,2024-01-23,3.28,9091.24
1533,337,2024-05-19,20.05,20.05
1534,889,2025-09-15,24.7,1601.42
1535,429,2024-09-08,25.03,7184.27
1536,195,2025-11-07,14.37,3023.85
1537,521,2025-02-26,22.08,8510.09
1538,428,2025-08-25,10.27,7727.91
1539,190,2025-08-27,19.25,7805.76
1540,915,2024-01-21,14.78,2636.99
1541,302,2025-09-19,25.77,5253.13
1542,341,2025-02-03,9.34,3535.59
1543,787,2024-01-21,24.39,181.43
1544,899,2024-05-14,17.5,6905.92
1545,280,2025-01-24,11.4,5175.26
1546,588,2025-05-12,15.74,8103.94
1547,741,2025-09-29,11.77,2744.67
1548,810,2024-05-08,24.71,470.09
1549,241,2024-10-26,21.97,3011.98
1550,591,2024-06-03,15.19,15.19
1551,371,2024-03-15,4.42,4.42
1552,540,2025-05-20,13.46,6487.08
1553,801,2025-04-29,5.01,1859.54
1554,618,2025-09-21,24.74,1100.62
1555,674,2024-11-05,12.16,5264.06
1556,717,2025-11-08,20.43,3359.13
1557,184,2025-06-17,10.54,1294.44
1558,298,2025-08-23,2.71,5735.12
1559,565,2024-01-26,23.07,15488.32
1560,421,2024-11-16,17.1,2975.56
1561,383,2024-04-29,19.27,8194.49
1562,442,2025-01-07,7.48,7993.13
1563,307,2023-11-14,6.65,2740.52
1564,763,2025-04-06,3.04,2240.24
1565,909,2025-09-27,11.79,5520.72
1566,196,2025-05-17,19.08,12772.39
1567,754,2024-12-24,22.1,4995.78
1568,332,2024-03-13,12.4,2879.8
1569,329,2025-05-07,8.3,527.01
1570,174,2025-10-30,8.2,1448.2
1571,856,2025-01-04,6.17,4231.2
1572,900,2025-03-15,15.74,2654.99
1573,470,2024-04-02,3.81,3.81
1574,273,2025-07-07,22.13,1788.85
1575,473,2024-05-03,25.73,10026.35
1576,200,2023-12-17,8.49,1551.33
1577,196,2024-03-24,14.5,1664.77
1578,279,2025-07-10,19.54,529.41
1579,639,2024-04-06,2.94,2704.86
1580,189,2024-06-16,1.4,8765.57
1581,343,2023-12-28,3.53,427.91
1582,618,2024-10-07,19.8,3935.77
1583,128,2025-02-08,7.44,8790.41
1584,497,2023-12-07,25.75,4806.68
1585,905,2025-04-27,5.05,5059.31
1586,202,2025-04-26,9.9,9.9
1587,276,2024-08-08,5.34,1767.16
1588,278,2025-05-20,17.47,17.47
1589,528,2025-05-23,7.46,932.66
1590,784,2025-07-16,0.4,2701.06
1591,476,2024-09-24,9.28,1987.92
1592,734,2025-03-30,16.07,1093.57
1593,263,2025-07-15,24.58,5955.52
1594,741,2024-03-09,24.85,4299.62
1595,253,2024-08-16,14.96,14.96
1596,888,2024-03-18,22.84,1683.44
1597,251,2023-12-09,11.93,3680.88
1598,309,2024-03-20,2.16,247.14
1599,637,2025-07-22,5.46,4724.0
1600,657,2024-09-16,2.96,1657.48
1601,972,2024-01-15,14.37,4337.71
1602,863,2024-03-08,7.86,3102.62
1603,219,2024-01-06,25.35,5646.79
1604,142,2024-09-12,1.64,5437.59
1605,42,2024-09-26,9.29,2525.3
1606,71,2025-04-08,12.84,6734.69
1607,533,2024-03-14,22.99,5848.38
1608,92,2025-04-18,4.15,4029.45
1609,500,2025-04-18,11.15,1855.82
1610,93,2025-08-21,0.36,5175.86
1611,212,2024-12-06,16.64,4042.97
1612,515,2025-09-02,20.82,4255.89
1613,378,2025-01-19,15.37,7590.04
1614,194,2025-10-17,18.49,600.82
1615,827,2025-01-15,2.2,2799.49
1616,432,2024-07-12,20.88,2583.0
1617,927,2024-10-10,23.48,23.48
1618,307,2025-07-11,25.98,4516.67
1619,735,2025-01-21,6.12,3499.86
1620,408,2025-03-10,18.48,1526.34
1621,904,2024-04-19,0.93,4480.97
1622,269,2024-10-07,15.61,15.61
1623,195,2024-03-18,22.04,10067.41
1624,944,2025-07-17,8.81,8.81
1625,778,2024-10-04,8.09,822.5
1626,805,2024-07-01,16.4,2602.01
1627,489,2025-01-30,5.23,101.22
1628,734,2025-09-21,14.09,2214.5
1629,816,2025-06-19,1.56,9004.75
1630,946,2025-07-16,9.65,8232.85
1631,641,2024-04-05,19.42,9375.88
1632,847,2024-06-17,10.83,8480.88
1633,596,2025-05-31,15.74,2930.68
1634,681,2024-10-18,9.37,2125.57
1635,627,2024-01-19,5.97,1487.87
1636,355,2025-01-12,0.88,9971.47
1637,391,2025-06-18,17.46,739.46
1638,166,2024-02-14,4.69,4330.19
1639,596,2023-12-23,2.48,14209.3
1640,355,2025-05-05,3.9,701.05
1641,286,2024-12-08,20.65,7911.37
1642,183,2025-08-01,16.58,6967.2
1643,939,2024-12-27,4.7,3302.3
1644,242,2024-08-28,8.49,6076.46
1645,898,2025-03-02,3.95,1688.95
1646,722,2025-04-17,24.22,2362.56
1647,398,2025-07-03,2.47,2037.75
1648,107,2023-12-22,13.94,1704.98
1649,311,2024-03-24,14.51,14.51
1650,236,2025-08-15,8.67,3734.34
1651,256,2025-06-20,3.97,3.97
1652,370,2024-05-07,4.7,5689.63
1653,356,2023-12-21,17.26,328.32
1654,679,2025-08-02,1.48,7293.0
1655,714,2024-12-15,11.46,5177.12
1656,259,2024-01-07,13.74,3666.77
1657,398,2024-12-12,16.35,4316.99
1658,501,2024-01-14,18.79,9736.34
1659,719,2024-12-01,1.45,4324.85
1660,302,2024-01-21,6.75,3240.39
1661,709,2024-05-22,3.07,4287.55
1662,923,2024-12-19,1.4,1277.72
1663,874,2025-07-11,14.0,3701.63
1664,246,2023-12-16,14.4,7834.44
1665,561,2024-11-06,8.96,5341.17
1666,268,2025-07-18,6.87,1815.49
1667,717,2024-02-24,8.02,7619.29
1668,744,2025-06-13,19.38,880.08
1669,743,2025-04-07,4.91,11263.44
1670,499,2024-01-18,20.62,3666.44
1671,940,2024-03-01,14.86,14.86
1672,512,2024-10-02,13.91,2926.99
1673,622,2024-09-17,1.13,1319.57
1674,862,2025-02-19,22.04,3940.92
1675,264,2024-01-11,16.28,4034.0
1676,185,2025-05-22,14.99,1475.75
1677,880,2024-10-15,17.47,1673.37
1678,702,2025-03-26,5.32,3479.64
1679,108,2025-11-08,2.02,2.02
1680,209,2024-07-17,22.44,7664.79
1681,682,2023-12-08,25.57,4379.07
1682,273,2023-11-22,23.23,12075.54
1683,447,2023-12-03,7.29,5239.75
1684,760,2025-03-14,14.15,7779.16
1685,389,2023-12-01,1.9,9130.93
1686,95,2025-06-27,9.18,4323.39
1687,479,2023-12-06,25.78,1416.54
1688,244,2024-07-06,5.33,7858.23
1689,229,2025-05-20,16.2,2947.35
1690,357,2025-06-26,5.55,1203.66
1691,700,2025-01-15,21.12,960.16
1692,34,2024-01-13,4.79,5111.42
1693,662,2024-04-01,9.62,3810.62
1694,361,2025-10-10,9.15,5676.42
1695,964,2024-01-24,13.72,9458.24
1696,529,2025-06-08,22.18,4486.28
1697,528,2024-12-12,17.77,4166.33
1698,44,2024-08-11,4.21,4042.5
1699,626,2025-06-11,11.58,1186.34
1700,926,2025-05-14,20.12,3017.4
1701,297,2025-01-29,24.72,7141.86
1702,58,2025-04-22,21.02,4408.52
1703,777,2025-11-05,16.06,2476.75
1704,628,2024-06-29,12.03,3483.05
1705,309,2025-03-19,3.56,6071.3
1706,385,2025-06-16,12.7,1486.42
1707,164,2024-11-16,15.09,2600.31
1708,633,2024-06-12,21.26,21.26
1709,216,2024-06-14,13.74,241.37
1710,359,2024-03-09,13.05,7540.93
1711,97,2024-12-16,15.05,4161.49
1712,61,2024-03-01,16.53,4692.77
1713,661,2025-03-16,7.91,656.1
1714,208,2024-12-12,25.77,192.39
1715,513,2024-06-10,22.67,1127.26
1716,738,2024-11-29,1.76,53.2
1717,414,2025-05-28,9.69,2756.0
1718,994,2024-03-03,18.56,1471.47
1719,87,2025-07-08,21.72,2040.68
1720,782,2024-06-12,0.47,10786.95
1721,448,2025-02-10,9.29,8044.17
1722,530,2023-12-15,3.12,4167.57
1723,223,2024-08-17,11.44,283.66
1724,917,2023-12-13,20.72,20.72
1725,174,2024-09-26,24.59,5562.87
1726,254,2023-12-03,16.69,6196.32
1727,397,2025-01-25,9.57,9.57
1728,651,2023-11-16,14.75,1738.2
1729,67,2024-05-22,19.8,381.92
1730,370,2024-05-11,7.62,5107.34
1731,260,2024-07-23,10.45,12580.82
1732,865,2024-07-20,9.54,3711.76
1733,254,2024-08-04,1.79,2980.48
1734,789,2024-11-25,25.46,1050.42
1735,313,2024-12-05,6.29,3550.13
1736,452,2024-09-05,17.13,5852.78
1737,921,2024-12-29,23.64,3969.92
1738,941,2024-05-04,20.95,5449.78
1739,177,2024-03-02,24.45,5388.32
1740,129,2024-05-28,1.94,878.86
1741,554,2024-04-28,6.35,5949.58
1742,582,2024-07-06,20.37,4897.38
1743,360,2025-03-11,11.13,5089.07
1744,849,2024-08-07,8.58,237.76
1745,147,2025-07-06,9.16,9.16
1746,248,2025-06-09,17.05,1328.75
1747,501,2024-08-14,23.64,5938.94
1748,116,2023-12-14,13.18,9843.47
1749,495,2025-04-19,19.55,66.95
1750,836,2025-02-12,3.42,2758.68
1751,600,2023-12-22,2.58,2562.15
1752,232,2024-04-13,21.54,6388.94
1753,209,2024-09-08,19.13,917.05
1754,136,2025-07-31,2.37,2098.83
1755,530,2024-12-26,21.69,1182.41
1756,738,2025-02-07,10.68,9982.87
1757,37,2025-06-10,22.91,2528.6
1758,396,2023-11-26,17.53,2521.12
1759,79,2025-02-12,5.31,6856.64
1760,225,2025-02-21,21.64,7199.39
1761,203,2025-09-30,21.12,1432.47
1762,907,2025-09-19,18.94,4476.16
1763,932,2024-03-28,7.64,5877.31
1764,284,2023-12-31,15.83,6212.72
1765,282,2024-05-27,18.28,6512.98
1766,254,2023-12-18,5.79,7584.0
1767,509,2024-02-11,5.27,288.8
1768,847,2024-08-26,7.49,4764.9
1769,323,2025-07-16,12.86,6244.71
1770,463,2024-02-12,8.84,46.64
1771,219,2024-12-24,0.2,780.04
1772,713,2024-12-04,25.33,2134.47
1773,358,2023-11-17,6.62,6550.4
1774,233,2025-02-13,19.11,9693.66
1775,886,2024-05-21,23.12,3661.82
1776,193,2025-08-01,7.36,4077.82
1777,411,2024-03-22,17.63,2162.1
1778,881,2025-10-07,14.36,4416.73
1779,359,2024-11-12,3.95,1115.1
1780,193,2025-09-24,7.89,7.89
1781,634,2024-11-24,13.13,13.13
1782,288,2024-08-16,18.39,978.23
1783,76,2025-05-25,17.27,739.75
1784,629,2024-12-04,7.83,5950.51
1785,91,2023-12-30,15.02,302.99
1786,486,2024-05-27,14.32,768.17
1787,588,2024-03-06,19.59,2584.62
1788,693,2023-12-31,6.11,6.11
1789,61,2025-04-06,14.23,3662.38
1790,278,2025-02-08,15.6,5485.86
1791,957,2024-06-16,5.99,6386.73
1792,111,2024-03-17,22.56,3494.56
1793,57,2025-01-04,16.35,165.53
1794,372,2025-03-17,0.02,2119.38
1795,986,2025-05-01,4.85,2638.27
1796,885,2024-09-06,1.82,2359.07
1797,164,2024-03-08,6.98,732.88
1798,564,2024-05-09,2.31,8125.07
1799,939,2024-09-15,1.53,1904.43
1800,751,2025-04-21,1.5,1.5
1801,515,2024-08-09,11.01,577.17
1802,862,2025-04-27,8.45,4641.2
1803,239,2024-12-04,12.65,10431.7
1804,480,2024-04-18,3.3,11106.28
1805,533,2024-06-27,15.54,2939.84
1806,380,2025-06-04,16.1,3304.29
1807,197,2024-01-13,15.62,1864.85
1808,115,2025-08-13,9.86,2601.53
1809,406,2025-07-06,0.89,3836.07
1810,930,2024-06-14,10.08,7304.36
1811,348,2025-10-31,20.75,20.75
1812,447,2024-08-25,5.72,2158.74
1813,620,2024-07-30,13.66,2676.74
1814,586,2025-05-15,21.98,934.08
1815,723,2025-05-20,7.48,572.85
1816,629,2025-08-08,21.27,3039.85
1817,16,2023-12-14,8.63,351.55
1818,984,2024-09-03,9.62,6115.44
1819,31,2024-04-29,6.19,4139.0
1820,558,2025-03-21,8.0,5879.39
1821,305,2024-07-19,6.18,4285.11
1822,418,2025-03-27,8.23,7957.56
1823,823,2024-06-15,2.86,982.24
1824,681,2025-10-15,21.48,839.33
1825,858,2025-09-10,3.54,2813.84
1826,848,2023-12-01,4.98,940.22
1827,290,2024-01-14,6.89,7917.33
1828,548,2024-08-15,23.08,4192.25
1829,8,2024-09-09,1.64,2891.6
1830,560,2024-06-05,13.49,1289.37
1831,445,2024-06-13,25.67,1811.07
1832,633,2025-01-07,12.29,8873.96
1833,319,2025-07-01,2.07,3867.99
1834,719,2024-11-17,15.07,4090.77
1835,866,2025-09-15,21.59,1135.04
1836,271,2025-05-31,24.11,24.11
1837,123,2025-05-01,17.48,948.28
1838,115,2024-08-09,3.92,5287.33
1839,622,2024-12-24,0.36,2409.71
1840,11,2024-11-14,20.03,3463.49
1841,159,2024-03-23,7.88,3956.71
1842,833,2025-11-01,18.9,1436.4
1843,789,2024-07-13,23.37,3005.11
1844,535,2025-10-24,0.09,3885.28
1845,679,2024-10-19,0.66,8470.83
1846,792,2025-07-14,23.52,788.06
1847,464,2023-12-28,14.87,4388.67
1848,485,2025-03-31,5.07,11673.94
1849,318,2023-12-11,22.85,764.52
1850,102,2025-03-30,3.07,1641.17
1851,869,2023-12-26,6.91,2728.11
1852,806,2025-07-29,22.17,5280.14
1853,851,2024-05-06,6.3,6062.34
1854,338,2025-09-13,9.34,1763.19
1855,804,2024-04-14,19.45,1416.05
1856,168,2025-05-26,14.19,1413.99
1857,644,2024-07-30,1.86,4080.05
1858,20,2025-07-11,23.75,7555.46
1859,998,2024-05-20,22.39,5898.14
1860,669,2024-07-01,12.45,2595.39
1861,821,2025-04-15,11.2,4931.07
1862,490,2024-08-28,4.21,4385.82
1863,54,2024-04-24,8.45,34.55
1864,501,2024-02-25,10.61,699.21
1865,809,2024-01-27,6.3,16536.98
1866,45,2024-01-22,23.55,1935.75
1867,947,2025-01-25,1.82,8158.29
1868,467,2024-12-02,12.09,2010.65
1869,231,2025-04-24,25.49,991.87
1870,517,2025-06-11,19.65,19.65
1871,557,2024-12-15,16.37,4328.81
1872,807,2025-01-30,4.8,5618.72
1873,960,2024-04-07,5.34,3858.65
1874,380,2025-01-20,5.91,8369.12
1875,164,2025-02-17,14.94,683.68
1876,459,2024-04-06,4.06,10787.17
1877,741,2024-04-20,6.08,3083.54
1878,920,2024-09-05,17.48,3984.4
1879,101,2024-07-07,9.44,6137.27
1880,448,2024-04-26,5.99,2391.34
1881,322,2025-08-20,7.37,6682.51
1882,455,2025-07-30,0.07,2958.37
1883,568,2025-04-25,20.97,687.74
1884,919,2025-10-12,22.96,6310.53
1885,2,2025-09-15,21.95,2391.79
1886,775,2025-02-03,1.9,6230.16
1887,382,2024-11-17,18.8,18.8
1888,220,2025-05-21,3.86,1679.06
1889,584,2024-07-10,21.84,1880.38
1890,91,2024-08-24,21.37,5078.1
1891,299,2024-10-16,3.29,293.65
1892,84,2024-11-13,6.48,1670.94
1893,680,2024-09-06,14.11,1824.67
1894,932,2024-12-21,21.5,5320.35
1895,720,2025-08-06,17.4,6360.75
1896,603,2025-08-26,7.44,2404.69
1897,230,2023-11-21,22.42,10451.91
1898,515,2024-03-28,23.07,6126.45
1899,27,2025-07-05,7.17,834.43
1900,93,2025-11-11,1.65,5520.77
1901,332,2023-12-05,4.88,4.88
1902,440,2024-01-31,15.17,15.17
1903,937,2025-06-05,0.48,7170.01
1904,499,2024-02-03,10.49,6461.77
1905,882,2024-02-15,1.14,1.14
1906,85,2025-01-23,5.65,724.93
1907,227,2025-09-19,9.4,1967.71
1908,495,2024-05-10,22.39,4317.29
1909,512,2024-08-15,0.56,9251.41
1910,112,2024-10-24,9.84,2914.64
1911,363,2025-04-10,24.45,1162.49
1912,770,2024-05-24,7.88,7.88
1913,251,2024-06-08,15.07,6110.99
1914,276,2025-10-29,23.25,15125.38
1915,147,2024-02-09,1.37,5980.64
1916,260,2025-04-26,5.87,209.8
1917,615,2024-09-12,25.53,4992.98
1918,476,2023-11-16,1.83,1053.78
1919,405,2025-02-09,2.55,2.55
1920,492,2024-04-18,19.07,19.07
1921,303,2024-08-08,3.22,3.22
1922,411,2025-06-15,10.49,4773.31
1923,219,2024-02-19,4.42,4.42
1924,189,2023-12-26,9.91,858.31
1925,810,2024-06-28,19.12,620.1
1926,354,2024-01-04,11.54,1905.82
1927,567,2024-02-12,11.08,4745.67
1928,990,2024-12-02,15.15,4227.07
1929,2,2025-05-31,10.98,2142.18
1930,115,2024-06-10,19.32,2909.24
1931,942,2024-12-12,7.76,5224.31
1932,444,2024-04-27,25.78,6931.43
1933,959,2024-08-30,6.42,4443.9
1934,390,2024-10-27,18.46,6182.74
1935,814,2025-07-18,20.7,5169.18
1936,491,2025-01-15,16.59,2236.05
1937,280,2025-05-20,6.97,9006.46
1938,724,2024-09-06,2.28,8138.24
1939,412,2024-03-17,7.56,7096.36
1940,457,2025-04-25,0.97,638.37
1941,259,2025-10-02,13.36,13.36
1942,729,2025-01-30,16.66,5942.94
1943,391,2024-11-17,8.49,4906.1
1944,180,2024-01-06,2.23,2451.13
1945,777,2024-10-08,20.39,9644.36
1946,303,2024-07-16,6.66,4922.43
1947,596,2024-09-14,1.52,4324.0
1948,241,2024-01-20,16.56,10063.42
1949,73,2025-09-26,24.92,6487.73
1950,472,2025-04-05,23.4,6791.34
1951,773,2025-08-01,13.63,22.83
1952,245,2024-06-15,15.12,1653.22
1953,209,2024-11-27,22.35,12356.7
1954,296,2024-09-06,3.53,4758.09
1955,173,2025-05-13,9.17,9.17
1956,526,2025-07-12,9.78,4624.39
1957,139,2025-02-16,7.79,1849.12
1958,624,2025-06-04,23.09,3617.44
1959,68,2024-07-17,0.71,6770.51
1960,505,2024-11-07,20.55,6331.35
1961,451,2024-08-29,1.2,2342.58
1962,322,2024-09-27,12.07,797.12
1963,243,2025-06-14,1.72,8096.33
1964,816,2023-12-17,3.56,3535.44
1965,520,2025-04-04,23.99,2235.11
1966,282,2024-02-07,13.23,13.23
1967,285,2024-02-16,24.68,8212.9
1968,332,2025-06-06,22.03,4223.67
1969,59,2023-11-27,4.46,2888.85
1970,546,2023-12-14,9.04,3323.09
1971,765,2024-04-03,17.33,3882.89
1972,335,2025-11-06,21.89,14556.13
1973,270,2024-11-28,2.97,3619.81
1974,910,2024-04-10,22.7,1646.96
1975,3,2024-08-25,13.91,13.91
1976,106,2025-08-21,21.5,1370.93
1977,112,2024-01-17,5.79,4601.94
1978,37,2025-08-11,7.69,2343.13
1979,586,2023-12-03,17.17,223.34
1980,846,2024-03-05,12.07,736.86
1981,437,2024-10-12,18.01,6310.89
1982,825,2024-07-05,17.77,17.77
1983,823,2025-05-11,13.58,9085.94
1984,632,2024-01-26,1.74,2221.45
1985,306,2024-03-21,8.11,945.74
1986,15,2024-04-21,14.58,1799.48
1987,985,2025-08-31,11.33,7204.75
1988,573,2024-07-31,3.91,4012.1
1989,429,2025-07-03,11.02,2399.64
1990,925,2024-11-20,20.19,8721.35
1991,485,2024-03-27,16.06,16.06
1992,738,2025-01-05,24.16,3630.25
1993,748,2024-11-02,2.1,9171.95
1994,273,2025-07-25,24.93,2866.73
1995,592,2024-09-19,22.0,667.26
1996,993,2024-12-28,7.8,3724.73
1997,967,2025-09-03,1.43,1.43
1998,380,2025-02-10,21.47,3430.24
1999,551,2025-11-02,13.85,3049.04
2000,60,2025-07-13,11.25,14387.37
